Row	Column	Well	Name	5_prime	BC	3_prime
A	1	A1	E3V7_S1_A1	ACACTCTTTCCCTACACGACGCTCTTCCGATCT	TCCATACGCGAA	NNNNNNNNNNNNNNNVTTTTTTTTTTTTTTTTTTTTTTTTTTTTTTVN
B	1	B1	E3V7_S1_B1	ACACTCTTTCCCTACACGACGCTCTTCCGATCT	CATCAACTCGAA	NNNNNNNNNNNNNNNVTTTTTTTTTTTTTTTTTTTTTTTTTTTTTTVN
C	1	C1	E3V7_S1_C1	ACACTCTTTCCCTACACGACGCTCTTCCGATCT	CCTAACCTACAA	NNNNNNNNNNNNNNNVTTTTTTTTTTTTTTTTTTTTTTTTTTTTTTVN
D	1	D1	E3V7_S1_D1	ACACTCTTTCCCTACACGACGCTCTTCCGATCT	TGTTATGGCCAA	NNNNNNNNNNNNNNNVTTTTTTTTTTTTTTTTTTTTTTTTTTTTTTVN
E	1	E1	E3V7_S1_E1	ACACTCTTTCCCTACACGACGCTCTTCCGATCT	GTAGGCGCATGA	NNNNNNNNNNNNNNNVTTTTTTTTTTTTTTTTTTTTTTTTTTTTTTVN
F	1	F1	E3V7_S1_F1	ACACTCTTTCCCTACACGACGCTCTTCCGATCT	ACGTATTGTCCA	NNNNNNNNNNNNNNNVTTTTTTTTTTTTTTTTTTTTTTTTTTTTTTVN
G	1	G1	E3V7_S1_G1	ACACTCTTTCCCTACACGACGCTCTTCCGATCT	CAGCGGAACTTA	NNNNNNNNNNNNNNNVTTTTTTTTTTTTTTTTTTTTTTTTTTTTTTVN
H	1	H1	E3V7_S1_H1	ACACTCTTTCCCTACACGACGCTCTTCCGATCT	CCACGTAAGAGG	NNNNNNNNNNNNNNNVTTTTTTTTTTTTTTTTTTTTTTTTTTTTTTVN
A	2	A2	E3V7_S1_A2	ACACTCTTTCCCTACACGACGCTCTTCCGATCT	GATTCATTCGGA	NNNNNNNNNNNNNNNVTTTTTTTTTTTTTTTTTTTTTTTTTTTTTTVN
B	2	B2	E3V7_S1_B2	ACACTCTTTCCCTACACGACGCTCTTCCGATCT	AGCATAGCCACA	NNNNNNNNNNNNNNNVTTTTTTTTTTTTTTTTTTTTTTTTTTTTTTVN
C	2	C2	E3V7_S1_C2	ACACTCTTTCCCTACACGACGCTCTTCCGATCT	CTTCCAGAGGCA	NNNNNNNNNNNNNNNVTTTTTTTTTTTTTTTTTTTTTTTTTTTTTTVN
D	2	D2	E3V7_S1_D2	ACACTCTTTCCCTACACGACGCTCTTCCGATCT	TAGCGGTCTGCA	NNNNNNNNNNNNNNNVTTTTTTTTTTTTTTTTTTTTTTTTTTTTTTVN
E	2	E2	E3V7_S1_E2	ACACTCTTTCCCTACACGACGCTCTTCCGATCT	TCGGTTCGCTCA	NNNNNNNNNNNNNNNVTTTTTTTTTTTTTTTTTTTTTTTTTTTTTTVN
F	2	F2	E3V7_S1_F2	ACACTCTTTCCCTACACGACGCTCTTCCGATCT	CTCTTCTACTAG	NNNNNNNNNNNNNNNVTTTTTTTTTTTTTTTTTTTTTTTTTTTTTTVN
G	2	G2	E3V7_S1_G2	ACACTCTTTCCCTACACGACGCTCTTCCGATCT	CTTCCTTGTCGG	NNNNNNNNNNNNNNNVTTTTTTTTTTTTTTTTTTTTTTTTTTTTTTVN
H	2	H2	E3V7_S1_H2	ACACTCTTTCCCTACACGACGCTCTTCCGATCT	GAGTGTCATGTT	NNNNNNNNNNNNNNNVTTTTTTTTTTTTTTTTTTTTTTTTTTTTTTVN
A	3	A3	E3V7_S1_A3	ACACTCTTTCCCTACACGACGCTCTTCCGATCT	TCTTGCGTTCAA	NNNNNNNNNNNNNNNVTTTTTTTTTTTTTTTTTTTTTTTTTTTTTTVN
B	3	B3	E3V7_S1_B3	ACACTCTTTCCCTACACGACGCTCTTCCGATCT	TCAGGTCGTGGA	NNNNNNNNNNNNNNNVTTTTTTTTTTTTTTTTTTTTTTTTTTTTTTVN
C	3	C3	E3V7_S1_C3	ACACTCTTTCCCTACACGACGCTCTTCCGATCT	TTGAATGTGCGA	NNNNNNNNNNNNNNNVTTTTTTTTTTTTTTTTTTTTTTTTTTTTTTVN
D	3	D3	E3V7_S1_D3	ACACTCTTTCCCTACACGACGCTCTTCCGATCT	GGATATTCCACA	NNNNNNNNNNNNNNNVTTTTTTTTTTTTTTTTTTTTTTTTTTTTTTVN
E	3	E3	E3V7_S1_E3	ACACTCTTTCCCTACACGACGCTCTTCCGATCT	CACCGTGGATCA	NNNNNNNNNNNNNNNVTTTTTTTTTTTTTTTTTTTTTTTTTTTTTTVN
F	3	F3	E3V7_S1_F3	ACACTCTTTCCCTACACGACGCTCTTCCGATCT	TCACGACGACAG	NNNNNNNNNNNNNNNVTTTTTTTTTTTTTTTTTTTTTTTTTTTTTTVN
G	3	G3	E3V7_S1_G3	ACACTCTTTCCCTACACGACGCTCTTCCGATCT	CCTCTATGGTCC	NNNNNNNNNNNNNNNVTTTTTTTTTTTTTTTTTTTTTTTTTTTTTTVN
H	3	H3	E3V7_S1_H3	ACACTCTTTCCCTACACGACGCTCTTCCGATCT	TTAGCACACCTT	NNNNNNNNNNNNNNNVTTTTTTTTTTTTTTTTTTTTTTTTTTTTTTVN
A	4	A4	E3V7_S1_A4	ACACTCTTTCCCTACACGACGCTCTTCCGATCT	CGCGGTCAAGAA	NNNNNNNNNNNNNNNVTTTTTTTTTTTTTTTTTTTTTTTTTTTTTTVN
B	4	B4	E3V7_S1_B4	ACACTCTTTCCCTACACGACGCTCTTCCGATCT	CTTCTCGCTACA	NNNNNNNNNNNNNNNVTTTTTTTTTTTTTTTTTTTTTTTTTTTTTTVN
C	4	C4	E3V7_S1_C4	ACACTCTTTCCCTACACGACGCTCTTCCGATCT	GTCACCAAGCCA	NNNNNNNNNNNNNNNVTTTTTTTTTTTTTTTTTTTTTTTTTTTTTTVN
D	4	D4	E3V7_S1_D4	ACACTCTTTCCCTACACGACGCTCTTCCGATCT	ACCAGCCACCTA	NNNNNNNNNNNNNNNVTTTTTTTTTTTTTTTTTTTTTTTTTTTTTTVN
E	4	E4	E3V7_S1_E4	ACACTCTTTCCCTACACGACGCTCTTCCGATCT	TCTGCGAGATGG	NNNNNNNNNNNNNNNVTTTTTTTTTTTTTTTTTTTTTTTTTTTTTTVN
F	4	F4	E3V7_S1_F4	ACACTCTTTCCCTACACGACGCTCTTCCGATCT	ATTCGAATTCCG	NNNNNNNNNNNNNNNVTTTTTTTTTTTTTTTTTTTTTTTTTTTTTTVN
G	4	G4	E3V7_S1_G4	ACACTCTTTCCCTACACGACGCTCTTCCGATCT	CCAGTGTCCTTG	NNNNNNNNNNNNNNNVTTTTTTTTTTTTTTTTTTTTTTTTTTTTTTVN
H	4	H4	E3V7_S1_H4	ACACTCTTTCCCTACACGACGCTCTTCCGATCT	CCACTCTAGGCT	NNNNNNNNNNNNNNNVTTTTTTTTTTTTTTTTTTTTTTTTTTTTTTVN
A	5	A5	E3V7_S1_A5	ACACTCTTTCCCTACACGACGCTCTTCCGATCT	AGAACGACACAA	NNNNNNNNNNNNNNNVTTTTTTTTTTTTTTTTTTTTTTTTTTTTTTVN
B	5	B5	E3V7_S1_B5	ACACTCTTTCCCTACACGACGCTCTTCCGATCT	GCCTCAAGATAA	NNNNNNNNNNNNNNNVTTTTTTTTTTTTTTTTTTTTTTTTTTTTTTVN
C	5	C5	E3V7_S1_C5	ACACTCTTTCCCTACACGACGCTCTTCCGATCT	ATCTCGATACGA	NNNNNNNNNNNNNNNVTTTTTTTTTTTTTTTTTTTTTTTTTTTTTTVN
D	5	D5	E3V7_S1_D5	ACACTCTTTCCCTACACGACGCTCTTCCGATCT	AATGCATCAGCA	NNNNNNNNNNNNNNNVTTTTTTTTTTTTTTTTTTTTTTTTTTTTTTVN
E	5	E5	E3V7_S1_E5	ACACTCTTTCCCTACACGACGCTCTTCCGATCT	AGAGTAATGCCA	NNNNNNNNNNNNNNNVTTTTTTTTTTTTTTTTTTTTTTTTTTTTTTVN
F	5	F5	E3V7_S1_F5	ACACTCTTTCCCTACACGACGCTCTTCCGATCT	GTGCGATAGTCC	NNNNNNNNNNNNNNNVTTTTTTTTTTTTTTTTTTTTTTTTTTTTTTVN
G	5	G5	E3V7_S1_G5	ACACTCTTTCCCTACACGACGCTCTTCCGATCT	AAGAGCTGGTCT	NNNNNNNNNNNNNNNVTTTTTTTTTTTTTTTTTTTTTTTTTTTTTTVN
H	5	H5	E3V7_S1_H5	ACACTCTTTCCCTACACGACGCTCTTCCGATCT	CGACGTGGCATT	NNNNNNNNNNNNNNNVTTTTTTTTTTTTTTTTTTTTTTTTTTTTTTVN
A	6	A6	E3V7_S1_A6	ACACTCTTTCCCTACACGACGCTCTTCCGATCT	AGTCCGGTGTGA	NNNNNNNNNNNNNNNVTTTTTTTTTTTTTTTTTTTTTTTTTTTTTTVN
B	6	B6	E3V7_S1_B6	ACACTCTTTCCCTACACGACGCTCTTCCGATCT	GACAAGAGCTTA	NNNNNNNNNNNNNNNVTTTTTTTTTTTTTTTTTTTTTTTTTTTTTTVN
C	6	C6	E3V7_S1_C6	ACACTCTTTCCCTACACGACGCTCTTCCGATCT	ATCGCTGCTCAG	NNNNNNNNNNNNNNNVTTTTTTTTTTTTTTTTTTTTTTTTTTTTTTVN
D	6	D6	E3V7_S1_D6	ACACTCTTTCCCTACACGACGCTCTTCCGATCT	CTACGTTCTTAG	NNNNNNNNNNNNNNNVTTTTTTTTTTTTTTTTTTTTTTTTTTTTTTVN
E	6	E6	E3V7_S1_E6	ACACTCTTTCCCTACACGACGCTCTTCCGATCT	TTATCTAACCGG	NNNNNNNNNNNNNNNVTTTTTTTTTTTTTTTTTTTTTTTTTTTTTTVN
F	6	F6	E3V7_S1_F6	ACACTCTTTCCCTACACGACGCTCTTCCGATCT	CTTGGTGGTTCC	NNNNNNNNNNNNNNNVTTTTTTTTTTTTTTTTTTTTTTTTTTTTTTVN
G	6	G6	E3V7_S1_G6	ACACTCTTTCCCTACACGACGCTCTTCCGATCT	TCACGCGGATTC	NNNNNNNNNNNNNNNVTTTTTTTTTTTTTTTTTTTTTTTTTTTTTTVN
H	6	H6	E3V7_S1_H6	ACACTCTTTCCCTACACGACGCTCTTCCGATCT	GGAACAGACCGT	NNNNNNNNNNNNNNNVTTTTTTTTTTTTTTTTTTTTTTTTTTTTTTVN
A	7	A7	E3V7_S1_A7	ACACTCTTTCCCTACACGACGCTCTTCCGATCT	GACTATGAGCAA	NNNNNNNNNNNNNNNVTTTTTTTTTTTTTTTTTTTTTTTTTTTTTTVN
B	7	B7	E3V7_S1_B7	ACACTCTTTCCCTACACGACGCTCTTCCGATCT	CGATTCCTTCAA	NNNNNNNNNNNNNNNVTTTTTTTTTTTTTTTTTTTTTTTTTTTTTTVN
C	7	C7	E3V7_S1_C7	ACACTCTTTCCCTACACGACGCTCTTCCGATCT	CTCCAACCTTAA	NNNNNNNNNNNNNNNVTTTTTTTTTTTTTTTTTTTTTTTTTTTTTTVN
D	7	D7	E3V7_S1_D7	ACACTCTTTCCCTACACGACGCTCTTCCGATCT	TTCCGCCACTCA	NNNNNNNNNNNNNNNVTTTTTTTTTTTTTTTTTTTTTTTTTTTTTTVN
E	7	E7	E3V7_S1_E7	ACACTCTTTCCCTACACGACGCTCTTCCGATCT	AGGACATTGGTA	NNNNNNNNNNNNNNNVTTTTTTTTTTTTTTTTTTTTTTTTTTTTTTVN
F	7	F7	E3V7_S1_F7	ACACTCTTTCCCTACACGACGCTCTTCCGATCT	CGTATGAAGAGG	NNNNNNNNNNNNNNNVTTTTTTTTTTTTTTTTTTTTTTTTTTTTTTVN
G	7	G7	E3V7_S1_G7	ACACTCTTTCCCTACACGACGCTCTTCCGATCT	TCACTGTACCGG	NNNNNNNNNNNNNNNVTTTTTTTTTTTTTTTTTTTTTTTTTTTTTTVN
H	7	H7	E3V7_S1_H7	ACACTCTTTCCCTACACGACGCTCTTCCGATCT	GTCGGCCGATAT	NNNNNNNNNNNNNNNVTTTTTTTTTTTTTTTTTTTTTTTTTTTTTTVN
A	8	A8	E3V7_S1_A8	ACACTCTTTCCCTACACGACGCTCTTCCGATCT	GATAGCTGCGAA	NNNNNNNNNNNNNNNVTTTTTTTTTTTTTTTTTTTTTTTTTTTTTTVN
B	8	B8	E3V7_S1_B8	ACACTCTTTCCCTACACGACGCTCTTCCGATCT	AGCGATTCCTAA	NNNNNNNNNNNNNNNVTTTTTTTTTTTTTTTTTTTTTTTTTTTTTTVN
C	8	C8	E3V7_S1_C8	ACACTCTTTCCCTACACGACGCTCTTCCGATCT	AAGCTTACCGGA	NNNNNNNNNNNNNNNVTTTTTTTTTTTTTTTTTTTTTTTTTTTTTTVN
D	8	D8	E3V7_S1_D8	ACACTCTTTCCCTACACGACGCTCTTCCGATCT	AAGTGCACGCCA	NNNNNNNNNNNNNNNVTTTTTTTTTTTTTTTTTTTTTTTTTTTTTTVN
E	8	E8	E3V7_S1_E8	ACACTCTTTCCCTACACGACGCTCTTCCGATCT	TTGTACCTACGG	NNNNNNNNNNNNNNNVTTTTTTTTTTTTTTTTTTTTTTTTTTTTTTVN
F	8	F8	E3V7_S1_F8	ACACTCTTTCCCTACACGACGCTCTTCCGATCT	CCTTGACTGTGG	NNNNNNNNNNNNNNNVTTTTTTTTTTTTTTTTTTTTTTTTTTTTTTVN
G	8	G8	E3V7_S1_G8	ACACTCTTTCCCTACACGACGCTCTTCCGATCT	CTGAAGATACTG	NNNNNNNNNNNNNNNVTTTTTTTTTTTTTTTTTTTTTTTTTTTTTTVN
H	8	H8	E3V7_S1_H8	ACACTCTTTCCCTACACGACGCTCTTCCGATCT	TCCTCCGCTTGT	NNNNNNNNNNNNNNNVTTTTTTTTTTTTTTTTTTTTTTTTTTTTTTVN
A	9	A9	E3V7_S1_A9	ACACTCTTTCCCTACACGACGCTCTTCCGATCT	GTGCCATAAGAA	NNNNNNNNNNNNNNNVTTTTTTTTTTTTTTTTTTTTTTTTTTTTTTVN
B	9	B9	E3V7_S1_B9	ACACTCTTTCCCTACACGACGCTCTTCCGATCT	TCACCGCCTCAA	NNNNNNNNNNNNNNNVTTTTTTTTTTTTTTTTTTTTTTTTTTTTTTVN
C	9	C9	E3V7_S1_C9	ACACTCTTTCCCTACACGACGCTCTTCCGATCT	TGCCGGATGCTA	NNNNNNNNNNNNNNNVTTTTTTTTTTTTTTTTTTTTTTTTTTTTTTVN
D	9	D9	E3V7_S1_D9	ACACTCTTTCCCTACACGACGCTCTTCCGATCT	GCGCCTTCTCTA	NNNNNNNNNNNNNNNVTTTTTTTTTTTTTTTTTTTTTTTTTTTTTTVN
E	9	E9	E3V7_S1_E9	ACACTCTTTCCCTACACGACGCTCTTCCGATCT	AGCGGTAGATTA	NNNNNNNNNNNNNNNVTTTTTTTTTTTTTTTTTTTTTTTTTTTTTTVN
F	9	F9	E3V7_S1_F9	ACACTCTTTCCCTACACGACGCTCTTCCGATCT	GATATAGTGCAG	NNNNNNNNNNNNNNNVTTTTTTTTTTTTTTTTTTTTTTTTTTTTTTVN
G	9	G9	E3V7_S1_G9	ACACTCTTTCCCTACACGACGCTCTTCCGATCT	ATATCACGCGCG	NNNNNNNNNNNNNNNVTTTTTTTTTTTTTTTTTTTTTTTTTTTTTTVN
H	9	H9	E3V7_S1_H9	ACACTCTTTCCCTACACGACGCTCTTCCGATCT	AAGAGTCTAACC	NNNNNNNNNNNNNNNVTTTTTTTTTTTTTTTTTTTTTTTTTTTTTTVN
A	10	A10	E3V7_S1_A10	ACACTCTTTCCCTACACGACGCTCTTCCGATCT	ACGAACTCGGAA	NNNNNNNNNNNNNNNVTTTTTTTTTTTTTTTTTTTTTTTTTTTTTTVN
B	10	B10	E3V7_S1_B10	ACACTCTTTCCCTACACGACGCTCTTCCGATCT	TCGCTCATGCAA	NNNNNNNNNNNNNNNVTTTTTTTTTTTTTTTTTTTTTTTTTTTTTTVN
C	10	C10	E3V7_S1_C10	ACACTCTTTCCCTACACGACGCTCTTCCGATCT	TCGCATTCAGGA	NNNNNNNNNNNNNNNVTTTTTTTTTTTTTTTTTTTTTTTTTTTTTTVN
D	10	D10	E3V7_S1_D10	ACACTCTTTCCCTACACGACGCTCTTCCGATCT	GCTAGGTTATCA	NNNNNNNNNNNNNNNVTTTTTTTTTTTTTTTTTTTTTTTTTTTTTTVN
E	10	E10	E3V7_S1_E10	ACACTCTTTCCCTACACGACGCTCTTCCGATCT	ATGGTCCACTCG	NNNNNNNNNNNNNNNVTTTTTTTTTTTTTTTTTTTTTTTTTTTTTTVN
F	10	F10	E3V7_S1_F10	ACACTCTTTCCCTACACGACGCTCTTCCGATCT	GCTATGATCGCC	NNNNNNNNNNNNNNNVTTTTTTTTTTTTTTTTTTTTTTTTTTTTTTVN
G	10	G10	E3V7_S1_G10	ACACTCTTTCCCTACACGACGCTCTTCCGATCT	AGTCAGGATTCT	NNNNNNNNNNNNNNNVTTTTTTTTTTTTTTTTTTTTTTTTTTTTTTVN
H	10	H10	E3V7_S1_H10	ACACTCTTTCCCTACACGACGCTCTTCCGATCT	CAACCGTCGCTT	NNNNNNNNNNNNNNNVTTTTTTTTTTTTTTTTTTTTTTTTTTTTTTVN
A	11	A11	E3V7_S1_A11	ACACTCTTTCCCTACACGACGCTCTTCCGATCT	TGCTACCAACAA	NNNNNNNNNNNNNNNVTTTTTTTTTTTTTTTTTTTTTTTTTTTTTTVN
B	11	B11	E3V7_S1_B11	ACACTCTTTCCCTACACGACGCTCTTCCGATCT	CAGACAGCATAA	NNNNNNNNNNNNNNNVTTTTTTTTTTTTTTTTTTTTTTTTTTTTTTVN
C	11	C11	E3V7_S1_C11	ACACTCTTTCCCTACACGACGCTCTTCCGATCT	CTGGCGTTGCTA	NNNNNNNNNNNNNNNVTTTTTTTTTTTTTTTTTTTTTTTTTTTTTTVN
D	11	D11	E3V7_S1_D11	ACACTCTTTCCCTACACGACGCTCTTCCGATCT	TGGTGGCGCTTA	NNNNNNNNNNNNNNNVTTTTTTTTTTTTTTTTTTTTTTTTTTTTTTVN
E	11	E11	E3V7_S1_E11	ACACTCTTTCCCTACACGACGCTCTTCCGATCT	TATTCCTGTAGG	NNNNNNNNNNNNNNNVTTTTTTTTTTTTTTTTTTTTTTTTTTTTTTVN
F	11	F11	E3V7_S1_F11	ACACTCTTTCCCTACACGACGCTCTTCCGATCT	GTACAAGACGTG	NNNNNNNNNNNNNNNVTTTTTTTTTTTTTTTTTTTTTTTTTTTTTTVN
G	11	G11	E3V7_S1_G11	ACACTCTTTCCCTACACGACGCTCTTCCGATCT	ATAGAGTACTCC	NNNNNNNNNNNNNNNVTTTTTTTTTTTTTTTTTTTTTTTTTTTTTTVN
H	11	H11	E3V7_S1_H11	ACACTCTTTCCCTACACGACGCTCTTCCGATCT	TGGCGTAACCTC	NNNNNNNNNNNNNNNVTTTTTTTTTTTTTTTTTTTTTTTTTTTTTTVN
A	12	A12	E3V7_S1_A12	ACACTCTTTCCCTACACGACGCTCTTCCGATCT	GTCAACAGAGAA	NNNNNNNNNNNNNNNVTTTTTTTTTTTTTTTTTTTTTTTTTTTTTTVN
B	12	B12	E3V7_S1_B12	ACACTCTTTCCCTACACGACGCTCTTCCGATCT	AACCACCGGCAA	NNNNNNNNNNNNNNNVTTTTTTTTTTTTTTTTTTTTTTTTTTTTTTVN
C	12	C12	E3V7_S1_C12	ACACTCTTTCCCTACACGACGCTCTTCCGATCT	TAGGAGTGCCAA	NNNNNNNNNNNNNNNVTTTTTTTTTTTTTTTTTTTTTTTTTTTTTTVN
D	12	D12	E3V7_S1_D12	ACACTCTTTCCCTACACGACGCTCTTCCGATCT	ATGTTGGAGCTA	NNNNNNNNNNNNNNNVTTTTTTTTTTTTTTTTTTTTTTTTTTTTTTVN
E	12	E12	E3V7_S1_E12	ACACTCTTTCCCTACACGACGCTCTTCCGATCT	ATCCGATCCTGG	NNNNNNNNNNNNNNNVTTTTTTTTTTTTTTTTTTTTTTTTTTTTTTVN
F	12	F12	E3V7_S1_F12	ACACTCTTTCCCTACACGACGCTCTTCCGATCT	CGAACCAATATG	NNNNNNNNNNNNNNNVTTTTTTTTTTTTTTTTTTTTTTTTTTTTTTVN
G	12	G12	E3V7_S1_G12	ACACTCTTTCCCTACACGACGCTCTTCCGATCT	ATAGTTCAGGTG	NNNNNNNNNNNNNNNVTTTTTTTTTTTTTTTTTTTTTTTTTTTTTTVN
H	12	H12	E3V7_S1_H12	ACACTCTTTCCCTACACGACGCTCTTCCGATCT	TTCCAGTGTCTG	NNNNNNNNNNNNNNNVTTTTTTTTTTTTTTTTTTTTTTTTTTTTTTVN

